{
	"class_name" : "PinholeCameraParameters",
	"extrinsic" : 
	[
		0.8596492254221294,
		-0.080022378009774631,
		0.50457866408399976,
		0.0,
		0.034694583404711793,
		-0.97623220823391854,
		-0.21393214225333426,
		0.0,
		0.50970530222228083,
		0.20141274692627598,
		-0.83644091857231939,
		0.0,
		-347.95470628113929,
		233.69463841304622,
		771.41640823836565,
		1.0
	],
	"intrinsic" : 
	{
		"height" : 480,
		"intrinsic_matrix" : 
		[
			415.69219381653056,
			0.0,
			0.0,
			0.0,
			415.69219381653056,
			0.0,
			319.5,
			239.5,
			1.0
		],
		"width" : 640
	},
	"version_major" : 1,
	"version_minor" : 0
}